CODIGO_REGIONAL;REGIONAL;CODIGO_CENTRO;CENTRO;FICHA_CARACTERIZACION;APRENDICES_ETAPA_PRACTICA;CORRECTAMENTE_PROGRAMADA;CONTRATO;PASANTIA;PROYECTO;CREACION;SER_MILITAR;VINCULA;MONITORIAS;NO_REGISTRA
19;REGIONAL CAUCA;9221;CENTRO DE TELEINFORMÁTICA Y PRODUCCIÓN INDUSTRIAL;2394497;17;SI;6;10;0;0;0;0;1;0
19;REGIONAL CAUCA;9221;CENTRO DE TELEINFORMÁTICA Y PRODUCCIÓN INDUSTRIAL;2394713;11;SI;10;1;0;0;0;0;0;0
19;REGIONAL CAUCA;9221;CENTRO DE TELEINFORMÁTICA Y PRODUCCIÓN INDUSTRIAL;2395143;18;SI;0;17;1;0;0;0;0;0
19;REGIONAL CAUCA;9221;CENTRO DE TELEINFORMÁTICA Y PRODUCCIÓN INDUSTRIAL;2427882;7;SI;5;1;0;0;0;1;0;0
19;REGIONAL CAUCA;9221;CENTRO DE TELEINFORMÁTICA Y PRODUCCIÓN INDUSTRIAL;2427893;16;SI;3;9;2;0;0;2;0;0
19;REGIONAL CAUCA;9221;CENTRO DE TELEINFORMÁTICA Y PRODUCCIÓN INDUSTRIAL;2427942;16;SI;8;0;0;0;0;8;0;0
19;REGIONAL CAUCA;9221;CENTRO DE TELEINFORMÁTICA Y PRODUCCIÓN INDUSTRIAL;2452439;26;SI;23;3;0;0;0;0;0;0
19;REGIONAL CAUCA;9221;CENTRO DE TELEINFORMÁTICA Y PRODUCCIÓN INDUSTRIAL;2452441;19;SI;16;3;0;0;0;0;0;0
19;REGIONAL CAUCA;9221;CENTRO DE TELEINFORMÁTICA Y PRODUCCIÓN INDUSTRIAL;2452442;15;SI;14;1;0;0;0;0;0;0
19;REGIONAL CAUCA;9221;CENTRO DE TELEINFORMÁTICA Y PRODUCCIÓN INDUSTRIAL;2452445;25;SI;25;0;0;0;0;0;0;0
19;REGIONAL CAUCA;9221;CENTRO DE TELEINFORMÁTICA Y PRODUCCIÓN INDUSTRIAL;2452451;18;SI;5;12;0;0;0;0;0;1
19;REGIONAL CAUCA;9221;CENTRO DE TELEINFORMÁTICA Y PRODUCCIÓN INDUSTRIAL;2452468;19;SI;6;11;1;0;0;1;0;0
19;REGIONAL CAUCA;9221;CENTRO DE TELEINFORMÁTICA Y PRODUCCIÓN INDUSTRIAL;2452480;15;SI;13;1;0;0;0;1;0;0
19;REGIONAL CAUCA;9221;CENTRO DE TELEINFORMÁTICA Y PRODUCCIÓN INDUSTRIAL;2452714;11;SI;3;8;0;0;0;0;0;0
19;REGIONAL CAUCA;9221;CENTRO DE TELEINFORMÁTICA Y PRODUCCIÓN INDUSTRIAL;2455244;3;SI;2;0;0;0;0;1;0;0
19;REGIONAL CAUCA;9221;CENTRO DE TELEINFORMÁTICA Y PRODUCCIÓN INDUSTRIAL;2468084;3;SI;2;0;0;0;0;1;0;0
19;REGIONAL CAUCA;9221;CENTRO DE TELEINFORMÁTICA Y PRODUCCIÓN INDUSTRIAL;2469519;8;SI;2;3;1;0;0;2;0;0
19;REGIONAL CAUCA;9221;CENTRO DE TELEINFORMÁTICA Y PRODUCCIÓN INDUSTRIAL;2469533;11;SI;1;0;0;0;0;10;0;0
19;REGIONAL CAUCA;9221;CENTRO DE TELEINFORMÁTICA Y PRODUCCIÓN INDUSTRIAL;2500262;27;SI;26;1;0;0;0;0;0;0
19;REGIONAL CAUCA;9221;CENTRO DE TELEINFORMÁTICA Y PRODUCCIÓN INDUSTRIAL;2501304;13;SI;3;8;0;0;0;2;0;0
19;REGIONAL CAUCA;9221;CENTRO DE TELEINFORMÁTICA Y PRODUCCIÓN INDUSTRIAL;2501318;14;SI;14;0;0;0;0;0;0;0
19;REGIONAL CAUCA;9221;CENTRO DE TELEINFORMÁTICA Y PRODUCCIÓN INDUSTRIAL;2501330;18;SI;16;2;0;0;0;0;0;0
19;REGIONAL CAUCA;9221;CENTRO DE TELEINFORMÁTICA Y PRODUCCIÓN INDUSTRIAL;2501337;20;SI;5;15;0;0;0;0;0;0
19;REGIONAL CAUCA;9221;CENTRO DE TELEINFORMÁTICA Y PRODUCCIÓN INDUSTRIAL;2501338;12;SI;1;11;0;0;0;0;0;0
19;REGIONAL CAUCA;9221;CENTRO DE TELEINFORMÁTICA Y PRODUCCIÓN INDUSTRIAL;2501339;8;SI;1;7;0;0;0;0;0;0
19;REGIONAL CAUCA;9221;CENTRO DE TELEINFORMÁTICA Y PRODUCCIÓN INDUSTRIAL;2501341;18;SI;6;12;0;0;0;0;0;0
19;REGIONAL CAUCA;9221;CENTRO DE TELEINFORMÁTICA Y PRODUCCIÓN INDUSTRIAL;2501345;16;SI;11;0;0;0;0;3;0;2
19;REGIONAL CAUCA;9221;CENTRO DE TELEINFORMÁTICA Y PRODUCCIÓN INDUSTRIAL;2501355;12;SI;12;0;0;0;0;0;0;0
19;REGIONAL CAUCA;9221;CENTRO DE TELEINFORMÁTICA Y PRODUCCIÓN INDUSTRIAL;2501357;31;SI;27;4;0;0;0;0;0;0
19;REGIONAL CAUCA;9221;CENTRO DE TELEINFORMÁTICA Y PRODUCCIÓN INDUSTRIAL;2501358;19;SI;18;1;0;0;0;0;0;0
19;REGIONAL CAUCA;9221;CENTRO DE TELEINFORMÁTICA Y PRODUCCIÓN INDUSTRIAL;2501360;23;SI;21;2;0;0;0;0;0;0
19;REGIONAL CAUCA;9221;CENTRO DE TELEINFORMÁTICA Y PRODUCCIÓN INDUSTRIAL;2501363;31;SI;30;1;0;0;0;0;0;0
19;REGIONAL CAUCA;9221;CENTRO DE TELEINFORMÁTICA Y PRODUCCIÓN INDUSTRIAL;2501365;24;SI;24;0;0;0;0;0;0;0
19;REGIONAL CAUCA;9221;CENTRO DE TELEINFORMÁTICA Y PRODUCCIÓN INDUSTRIAL;2501367;11;SI;9;2;0;0;0;0;0;0
19;REGIONAL CAUCA;9221;CENTRO DE TELEINFORMÁTICA Y PRODUCCIÓN INDUSTRIAL;2556678;22;SI;22;0;0;0;0;0;0;0
19;REGIONAL CAUCA;9221;CENTRO DE TELEINFORMÁTICA Y PRODUCCIÓN INDUSTRIAL;2556680;15;SI;14;1;0;0;0;0;0;0
19;REGIONAL CAUCA;9221;CENTRO DE TELEINFORMÁTICA Y PRODUCCIÓN INDUSTRIAL;2556699;14;SI;14;0;0;0;0;0;0;0
19;REGIONAL CAUCA;9221;CENTRO DE TELEINFORMÁTICA Y PRODUCCIÓN INDUSTRIAL;2556718;6;SI;6;0;0;0;0;0;0;0
19;REGIONAL CAUCA;9221;CENTRO DE TELEINFORMÁTICA Y PRODUCCIÓN INDUSTRIAL;2556780;13;SI;5;8;0;0;0;0;0;0
19;REGIONAL CAUCA;9221;CENTRO DE TELEINFORMÁTICA Y PRODUCCIÓN INDUSTRIAL;2556883;19;SI;18;0;1;0;0;0;0;0
19;REGIONAL CAUCA;9221;CENTRO DE TELEINFORMÁTICA Y PRODUCCIÓN INDUSTRIAL;2557707;17;SI;11;0;2;0;0;4;0;0
19;REGIONAL CAUCA;9221;CENTRO DE TELEINFORMÁTICA Y PRODUCCIÓN INDUSTRIAL;2557764;15;SI;10;5;0;0;0;0;0;0
19;REGIONAL CAUCA;9221;CENTRO DE TELEINFORMÁTICA Y PRODUCCIÓN INDUSTRIAL;2557771;27;SI;27;0;0;0;0;0;0;0
19;REGIONAL CAUCA;9221;CENTRO DE TELEINFORMÁTICA Y PRODUCCIÓN INDUSTRIAL;2567910;9;SI;9;0;0;0;0;0;0;0
19;REGIONAL CAUCA;9221;CENTRO DE TELEINFORMÁTICA Y PRODUCCIÓN INDUSTRIAL;2577438;13;SI;11;2;0;0;0;0;0;0
19;REGIONAL CAUCA;9221;CENTRO DE TELEINFORMÁTICA Y PRODUCCIÓN INDUSTRIAL;2606496;7;SI;1;6;0;0;0;0;0;0
19;REGIONAL CAUCA;9221;CENTRO DE TELEINFORMÁTICA Y PRODUCCIÓN INDUSTRIAL;2612800;12;SI;5;7;0;0;0;0;0;0
19;REGIONAL CAUCA;9221;CENTRO DE TELEINFORMÁTICA Y PRODUCCIÓN INDUSTRIAL;2612803;14;SI;8;3;3;0;0;0;0;0
19;REGIONAL CAUCA;9221;CENTRO DE TELEINFORMÁTICA Y PRODUCCIÓN INDUSTRIAL;2612830;19;SI;15;0;0;0;0;4;0;0
19;REGIONAL CAUCA;9221;CENTRO DE TELEINFORMÁTICA Y PRODUCCIÓN INDUSTRIAL;2612838;6;SI;5;1;0;0;0;0;0;0
19;REGIONAL CAUCA;9221;CENTRO DE TELEINFORMÁTICA Y PRODUCCIÓN INDUSTRIAL;2612860;12;SI;7;4;1;0;0;0;0;0
19;REGIONAL CAUCA;9221;CENTRO DE TELEINFORMÁTICA Y PRODUCCIÓN INDUSTRIAL;2612885;9;SI;6;0;2;0;0;1;0;0
19;REGIONAL CAUCA;9221;CENTRO DE TELEINFORMÁTICA Y PRODUCCIÓN INDUSTRIAL;2612886;18;SI;18;0;0;0;0;0;0;0
19;REGIONAL CAUCA;9221;CENTRO DE TELEINFORMÁTICA Y PRODUCCIÓN INDUSTRIAL;2612890;10;SI;3;0;6;0;0;1;0;0
19;REGIONAL CAUCA;9221;CENTRO DE TELEINFORMÁTICA Y PRODUCCIÓN INDUSTRIAL;2613967;14;SI;13;1;0;0;0;0;0;0
19;REGIONAL CAUCA;9221;CENTRO DE TELEINFORMÁTICA Y PRODUCCIÓN INDUSTRIAL;2613970;17;SI;16;1;0;0;0;0;0;0
19;REGIONAL CAUCA;9221;CENTRO DE TELEINFORMÁTICA Y PRODUCCIÓN INDUSTRIAL;2613973;5;SI;1;4;0;0;0;0;0;0
19;REGIONAL CAUCA;9221;CENTRO DE TELEINFORMÁTICA Y PRODUCCIÓN INDUSTRIAL;2614033;2;SI;2;0;0;0;0;0;0;0
19;REGIONAL CAUCA;9221;CENTRO DE TELEINFORMÁTICA Y PRODUCCIÓN INDUSTRIAL;2614043;16;SI;16;0;0;0;0;0;0;0
19;REGIONAL CAUCA;9221;CENTRO DE TELEINFORMÁTICA Y PRODUCCIÓN INDUSTRIAL;2614046;21;SI;21;0;0;0;0;0;0;0
19;REGIONAL CAUCA;9221;CENTRO DE TELEINFORMÁTICA Y PRODUCCIÓN INDUSTRIAL;2614126;9;SI;2;2;5;0;0;0;0;0
19;REGIONAL CAUCA;9221;CENTRO DE TELEINFORMÁTICA Y PRODUCCIÓN INDUSTRIAL;2614140;20;NO;20;0;0;0;0;0;0;0
19;REGIONAL CAUCA;9221;CENTRO DE TELEINFORMÁTICA Y PRODUCCIÓN INDUSTRIAL;2616544;21;SI;21;0;0;0;0;0;0;0
19;REGIONAL CAUCA;9221;CENTRO DE TELEINFORMÁTICA Y PRODUCCIÓN INDUSTRIAL;2617589;10;SI;9;0;0;0;0;1;0;0
19;REGIONAL CAUCA;9221;CENTRO DE TELEINFORMÁTICA Y PRODUCCIÓN INDUSTRIAL;2617606;28;SI;27;0;0;0;0;1;0;0
19;REGIONAL CAUCA;9221;CENTRO DE TELEINFORMÁTICA Y PRODUCCIÓN INDUSTRIAL;2617613;20;SI;20;0;0;0;0;0;0;0
19;REGIONAL CAUCA;9221;CENTRO DE TELEINFORMÁTICA Y PRODUCCIÓN INDUSTRIAL;2617695;22;SI;21;1;0;0;0;0;0;0
19;REGIONAL CAUCA;9221;CENTRO DE TELEINFORMÁTICA Y PRODUCCIÓN INDUSTRIAL;2617712;3;SI;0;3;0;0;0;0;0;0
19;REGIONAL CAUCA;9221;CENTRO DE TELEINFORMÁTICA Y PRODUCCIÓN INDUSTRIAL;2618202;2;SI;0;2;0;0;0;0;0;0
19;REGIONAL CAUCA;9221;CENTRO DE TELEINFORMÁTICA Y PRODUCCIÓN INDUSTRIAL;2627023;4;SI;4;0;0;0;0;0;0;0
19;REGIONAL CAUCA;9221;CENTRO DE TELEINFORMÁTICA Y PRODUCCIÓN INDUSTRIAL;2637808;24;SI;9;15;0;0;0;0;0;0
19;REGIONAL CAUCA;9221;CENTRO DE TELEINFORMÁTICA Y PRODUCCIÓN INDUSTRIAL;2639997;13;SI;13;0;0;0;0;0;0;0
19;REGIONAL CAUCA;9221;CENTRO DE TELEINFORMÁTICA Y PRODUCCIÓN INDUSTRIAL;2665567;8;SI;0;8;0;0;0;0;0;0
19;REGIONAL CAUCA;9221;CENTRO DE TELEINFORMÁTICA Y PRODUCCIÓN INDUSTRIAL;2669731;13;SI;11;1;0;0;0;1;0;0
19;REGIONAL CAUCA;9221;CENTRO DE TELEINFORMÁTICA Y PRODUCCIÓN INDUSTRIAL;2669739;15;SI;15;0;0;0;0;0;0;0
19;REGIONAL CAUCA;9221;CENTRO DE TELEINFORMÁTICA Y PRODUCCIÓN INDUSTRIAL;2669742;7;SI;7;0;0;0;0;0;0;0
19;REGIONAL CAUCA;9221;CENTRO DE TELEINFORMÁTICA Y PRODUCCIÓN INDUSTRIAL;2669757;17;SI;1;16;0;0;0;0;0;0
19;REGIONAL CAUCA;9221;CENTRO DE TELEINFORMÁTICA Y PRODUCCIÓN INDUSTRIAL;2669760;3;SI;3;0;0;0;0;0;0;0
19;REGIONAL CAUCA;9221;CENTRO DE TELEINFORMÁTICA Y PRODUCCIÓN INDUSTRIAL;2669822;14;SI;2;12;0;0;0;0;0;0
19;REGIONAL CAUCA;9221;CENTRO DE TELEINFORMÁTICA Y PRODUCCIÓN INDUSTRIAL;2669865;15;SI;13;0;1;0;0;0;0;1
19;REGIONAL CAUCA;9221;CENTRO DE TELEINFORMÁTICA Y PRODUCCIÓN INDUSTRIAL;2669895;19;SI;19;0;0;0;0;0;0;0
19;REGIONAL CAUCA;9221;CENTRO DE TELEINFORMÁTICA Y PRODUCCIÓN INDUSTRIAL;2669903;8;SI;6;0;1;0;0;1;0;0
19;REGIONAL CAUCA;9221;CENTRO DE TELEINFORMÁTICA Y PRODUCCIÓN INDUSTRIAL;2669911;16;SI;0;14;2;0;0;0;0;0
19;REGIONAL CAUCA;9221;CENTRO DE TELEINFORMÁTICA Y PRODUCCIÓN INDUSTRIAL;2669928;14;SI;14;0;0;0;0;0;0;0
19;REGIONAL CAUCA;9221;CENTRO DE TELEINFORMÁTICA Y PRODUCCIÓN INDUSTRIAL;2669950;16;SI;16;0;0;0;0;0;0;0
19;REGIONAL CAUCA;9221;CENTRO DE TELEINFORMÁTICA Y PRODUCCIÓN INDUSTRIAL;2669971;18;SI;18;0;0;0;0;0;0;0
19;REGIONAL CAUCA;9221;CENTRO DE TELEINFORMÁTICA Y PRODUCCIÓN INDUSTRIAL;2669983;8;SI;2;6;0;0;0;0;0;0
19;REGIONAL CAUCA;9221;CENTRO DE TELEINFORMÁTICA Y PRODUCCIÓN INDUSTRIAL;2669990;15;SI;14;0;0;0;0;1;0;0
19;REGIONAL CAUCA;9221;CENTRO DE TELEINFORMÁTICA Y PRODUCCIÓN INDUSTRIAL;2670006;15;SI;3;7;4;0;0;1;0;0
19;REGIONAL CAUCA;9221;CENTRO DE TELEINFORMÁTICA Y PRODUCCIÓN INDUSTRIAL;2670033;21;SI;21;0;0;0;0;0;0;0
19;REGIONAL CAUCA;9221;CENTRO DE TELEINFORMÁTICA Y PRODUCCIÓN INDUSTRIAL;2670047;7;SI;7;0;0;0;0;0;0;0
19;REGIONAL CAUCA;9221;CENTRO DE TELEINFORMÁTICA Y PRODUCCIÓN INDUSTRIAL;2670051;9;SI;0;6;0;0;0;3;0;0
19;REGIONAL CAUCA;9221;CENTRO DE TELEINFORMÁTICA Y PRODUCCIÓN INDUSTRIAL;2670056;7;SI;6;1;0;0;0;0;0;0
19;REGIONAL CAUCA;9221;CENTRO DE TELEINFORMÁTICA Y PRODUCCIÓN INDUSTRIAL;2675762;2;SI;1;1;0;0;0;0;0;0
19;REGIONAL CAUCA;9221;CENTRO DE TELEINFORMÁTICA Y PRODUCCIÓN INDUSTRIAL;2675798;2;SI;1;0;0;0;0;0;0;1
19;REGIONAL CAUCA;9221;CENTRO DE TELEINFORMÁTICA Y PRODUCCIÓN INDUSTRIAL;2680954;15;SI;14;0;0;0;0;1;0;0
19;REGIONAL CAUCA;9221;CENTRO DE TELEINFORMÁTICA Y PRODUCCIÓN INDUSTRIAL;2688151;7;SI;4;3;0;0;0;0;0;0
19;REGIONAL CAUCA;9221;CENTRO DE TELEINFORMÁTICA Y PRODUCCIÓN INDUSTRIAL;2688166;10;SI;0;10;0;0;0;0;0;0
19;REGIONAL CAUCA;9221;CENTRO DE TELEINFORMÁTICA Y PRODUCCIÓN INDUSTRIAL;2689310;5;SI;1;4;0;0;0;0;0;0
19;REGIONAL CAUCA;9221;CENTRO DE TELEINFORMÁTICA Y PRODUCCIÓN INDUSTRIAL;2690981;6;SI;4;2;0;0;0;0;0;0
19;REGIONAL CAUCA;9221;CENTRO DE TELEINFORMÁTICA Y PRODUCCIÓN INDUSTRIAL;2691491;26;NO;0;0;1;0;0;25;0;0
19;REGIONAL CAUCA;9221;CENTRO DE TELEINFORMÁTICA Y PRODUCCIÓN INDUSTRIAL;2691865;26;SI;26;0;0;0;0;0;0;0
19;REGIONAL CAUCA;9221;CENTRO DE TELEINFORMÁTICA Y PRODUCCIÓN INDUSTRIAL;2691875;13;SI;0;13;0;0;0;0;0;0
19;REGIONAL CAUCA;9221;CENTRO DE TELEINFORMÁTICA Y PRODUCCIÓN INDUSTRIAL;2692137;5;SI;0;5;0;0;0;0;0;0
19;REGIONAL CAUCA;9221;CENTRO DE TELEINFORMÁTICA Y PRODUCCIÓN INDUSTRIAL;2692138;6;SI;0;6;0;0;0;0;0;0
19;REGIONAL CAUCA;9221;CENTRO DE TELEINFORMÁTICA Y PRODUCCIÓN INDUSTRIAL;2692139;23;SI;0;23;0;0;0;0;0;0
19;REGIONAL CAUCA;9221;CENTRO DE TELEINFORMÁTICA Y PRODUCCIÓN INDUSTRIAL;2692141;3;SI;0;1;2;0;0;0;0;0
19;REGIONAL CAUCA;9221;CENTRO DE TELEINFORMÁTICA Y PRODUCCIÓN INDUSTRIAL;2692648;2;SI;0;2;0;0;0;0;0;0
19;REGIONAL CAUCA;9221;CENTRO DE TELEINFORMÁTICA Y PRODUCCIÓN INDUSTRIAL;2693022;13;SI;1;12;0;0;0;0;0;0
19;REGIONAL CAUCA;9221;CENTRO DE TELEINFORMÁTICA Y PRODUCCIÓN INDUSTRIAL;2693063;4;SI;4;0;0;0;0;0;0;0
19;REGIONAL CAUCA;9221;CENTRO DE TELEINFORMÁTICA Y PRODUCCIÓN INDUSTRIAL;2708712;1;SI;1;0;0;0;0;0;0;0
19;REGIONAL CAUCA;9221;CENTRO DE TELEINFORMÁTICA Y PRODUCCIÓN INDUSTRIAL;2711199;10;SI;10;0;0;0;0;0;0;0
19;REGIONAL CAUCA;9221;CENTRO DE TELEINFORMÁTICA Y PRODUCCIÓN INDUSTRIAL;2711212;2;SI;2;0;0;0;0;0;0;0
19;REGIONAL CAUCA;9221;CENTRO DE TELEINFORMÁTICA Y PRODUCCIÓN INDUSTRIAL;2711215;25;SI;24;1;0;0;0;0;0;0
19;REGIONAL CAUCA;9221;CENTRO DE TELEINFORMÁTICA Y PRODUCCIÓN INDUSTRIAL;2711226;6;SI;6;0;0;0;0;0;0;0
19;REGIONAL CAUCA;9221;CENTRO DE TELEINFORMÁTICA Y PRODUCCIÓN INDUSTRIAL;2711322;16;SI;1;14;0;0;0;1;0;0
19;REGIONAL CAUCA;9221;CENTRO DE TELEINFORMÁTICA Y PRODUCCIÓN INDUSTRIAL;2711325;1;SI;1;0;0;0;0;0;0;0
19;REGIONAL CAUCA;9221;CENTRO DE TELEINFORMÁTICA Y PRODUCCIÓN INDUSTRIAL;2711336;2;SI;2;0;0;0;0;0;0;0
19;REGIONAL CAUCA;9221;CENTRO DE TELEINFORMÁTICA Y PRODUCCIÓN INDUSTRIAL;2711338;19;SI;10;9;0;0;0;0;0;0
19;REGIONAL CAUCA;9221;CENTRO DE TELEINFORMÁTICA Y PRODUCCIÓN INDUSTRIAL;2711347;11;SI;6;2;0;0;0;0;0;3
19;REGIONAL CAUCA;9221;CENTRO DE TELEINFORMÁTICA Y PRODUCCIÓN INDUSTRIAL;2711350;1;SI;1;0;0;0;0;0;0;0
19;REGIONAL CAUCA;9221;CENTRO DE TELEINFORMÁTICA Y PRODUCCIÓN INDUSTRIAL;2711351;20;SI;3;14;3;0;0;0;0;0
19;REGIONAL CAUCA;9221;CENTRO DE TELEINFORMÁTICA Y PRODUCCIÓN INDUSTRIAL;2711374;23;SI;21;0;0;0;0;2;0;0
19;REGIONAL CAUCA;9221;CENTRO DE TELEINFORMÁTICA Y PRODUCCIÓN INDUSTRIAL;2711377;27;SI;26;0;0;0;0;1;0;0
19;REGIONAL CAUCA;9221;CENTRO DE TELEINFORMÁTICA Y PRODUCCIÓN INDUSTRIAL;2711379;26;SI;26;0;0;0;0;0;0;0
19;REGIONAL CAUCA;9221;CENTRO DE TELEINFORMÁTICA Y PRODUCCIÓN INDUSTRIAL;2711388;24;SI;24;0;0;0;0;0;0;0
19;REGIONAL CAUCA;9221;CENTRO DE TELEINFORMÁTICA Y PRODUCCIÓN INDUSTRIAL;2711395;3;SI;3;0;0;0;0;0;0;0
19;REGIONAL CAUCA;9221;CENTRO DE TELEINFORMÁTICA Y PRODUCCIÓN INDUSTRIAL;2711398;6;SI;6;0;0;0;0;0;0;0
19;REGIONAL CAUCA;9221;CENTRO DE TELEINFORMÁTICA Y PRODUCCIÓN INDUSTRIAL;2721313;1;SI;1;0;0;0;0;0;0;0
19;REGIONAL CAUCA;9221;CENTRO DE TELEINFORMÁTICA Y PRODUCCIÓN INDUSTRIAL;2721449;1;SI;1;0;0;0;0;0;0;0
19;REGIONAL CAUCA;9221;CENTRO DE TELEINFORMÁTICA Y PRODUCCIÓN INDUSTRIAL;2721817;4;SI;2;0;0;0;0;2;0;0
19;REGIONAL CAUCA;9221;CENTRO DE TELEINFORMÁTICA Y PRODUCCIÓN INDUSTRIAL;2721818;8;SI;4;0;0;0;0;4;0;0
19;REGIONAL CAUCA;9221;CENTRO DE TELEINFORMÁTICA Y PRODUCCIÓN INDUSTRIAL;2729245;1;SI;1;0;0;0;0;0;0;0
19;REGIONAL CAUCA;9221;CENTRO DE TELEINFORMÁTICA Y PRODUCCIÓN INDUSTRIAL;2729247;8;SI;8;0;0;0;0;0;0;0
19;REGIONAL CAUCA;9221;CENTRO DE TELEINFORMÁTICA Y PRODUCCIÓN INDUSTRIAL;2729250;1;SI;1;0;0;0;0;0;0;0
19;REGIONAL CAUCA;9221;CENTRO DE TELEINFORMÁTICA Y PRODUCCIÓN INDUSTRIAL;2758130;2;SI;2;0;0;0;0;0;0;0
19;REGIONAL CAUCA;9221;CENTRO DE TELEINFORMÁTICA Y PRODUCCIÓN INDUSTRIAL;2758170;3;SI;3;0;0;0;0;0;0;0
19;REGIONAL CAUCA;9221;CENTRO DE TELEINFORMÁTICA Y PRODUCCIÓN INDUSTRIAL;2758529;4;SI;2;0;0;0;0;2;0;0
19;REGIONAL CAUCA;9221;CENTRO DE TELEINFORMÁTICA Y PRODUCCIÓN INDUSTRIAL;2763959;29;SI;29;0;0;0;0;0;0;0
19;REGIONAL CAUCA;9221;CENTRO DE TELEINFORMÁTICA Y PRODUCCIÓN INDUSTRIAL;2763964;12;SI;0;12;0;0;0;0;0;0
19;REGIONAL CAUCA;9221;CENTRO DE TELEINFORMÁTICA Y PRODUCCIÓN INDUSTRIAL;2770148;15;SI;15;0;0;0;0;0;0;0
19;REGIONAL CAUCA;9221;CENTRO DE TELEINFORMÁTICA Y PRODUCCIÓN INDUSTRIAL;2770149;22;SI;21;0;0;0;0;0;0;1
19;REGIONAL CAUCA;9221;CENTRO DE TELEINFORMÁTICA Y PRODUCCIÓN INDUSTRIAL;2770151;10;SI;10;0;0;0;0;0;0;0
19;REGIONAL CAUCA;9221;CENTRO DE TELEINFORMÁTICA Y PRODUCCIÓN INDUSTRIAL;2770186;10;SI;0;9;1;0;0;0;0;0
19;REGIONAL CAUCA;9221;CENTRO DE TELEINFORMÁTICA Y PRODUCCIÓN INDUSTRIAL;2770196;8;SI;8;0;0;0;0;0;0;0
19;REGIONAL CAUCA;9221;CENTRO DE TELEINFORMÁTICA Y PRODUCCIÓN INDUSTRIAL;2770199;10;SI;10;0;0;0;0;0;0;0
19;REGIONAL CAUCA;9221;CENTRO DE TELEINFORMÁTICA Y PRODUCCIÓN INDUSTRIAL;2770202;26;SI;26;0;0;0;0;0;0;0
19;REGIONAL CAUCA;9221;CENTRO DE TELEINFORMÁTICA Y PRODUCCIÓN INDUSTRIAL;2770213;23;SI;23;0;0;0;0;0;0;0
19;REGIONAL CAUCA;9221;CENTRO DE TELEINFORMÁTICA Y PRODUCCIÓN INDUSTRIAL;2770220;5;SI;5;0;0;0;0;0;0;0
19;REGIONAL CAUCA;9221;CENTRO DE TELEINFORMÁTICA Y PRODUCCIÓN INDUSTRIAL;2770233;10;SI;10;0;0;0;0;0;0;0
19;REGIONAL CAUCA;9221;CENTRO DE TELEINFORMÁTICA Y PRODUCCIÓN INDUSTRIAL;2770242;26;SI;26;0;0;0;0;0;0;0
19;REGIONAL CAUCA;9221;CENTRO DE TELEINFORMÁTICA Y PRODUCCIÓN INDUSTRIAL;2770257;18;SI;18;0;0;0;0;0;0;0
19;REGIONAL CAUCA;9221;CENTRO DE TELEINFORMÁTICA Y PRODUCCIÓN INDUSTRIAL;2771304;5;SI;5;0;0;0;0;0;0;0
19;REGIONAL CAUCA;9221;CENTRO DE TELEINFORMÁTICA Y PRODUCCIÓN INDUSTRIAL;2771310;4;SI;4;0;0;0;0;0;0;0
19;REGIONAL CAUCA;9221;CENTRO DE TELEINFORMÁTICA Y PRODUCCIÓN INDUSTRIAL;2771325;11;SI;11;0;0;0;0;0;0;0
19;REGIONAL CAUCA;9221;CENTRO DE TELEINFORMÁTICA Y PRODUCCIÓN INDUSTRIAL;2771358;19;SI;19;0;0;0;0;0;0;0
19;REGIONAL CAUCA;9221;CENTRO DE TELEINFORMÁTICA Y PRODUCCIÓN INDUSTRIAL;2771498;27;SI;24;3;0;0;0;0;0;0
19;REGIONAL CAUCA;9221;CENTRO DE TELEINFORMÁTICA Y PRODUCCIÓN INDUSTRIAL;2788060;26;SI;26;0;0;0;0;0;0;0
19;REGIONAL CAUCA;9221;CENTRO DE TELEINFORMÁTICA Y PRODUCCIÓN INDUSTRIAL;2801851;11;SI;11;0;0;0;0;0;0;0
19;REGIONAL CAUCA;9221;CENTRO DE TELEINFORMÁTICA Y PRODUCCIÓN INDUSTRIAL;2805973;17;SI;0;17;0;0;0;0;0;0
19;REGIONAL CAUCA;9221;CENTRO DE TELEINFORMÁTICA Y PRODUCCIÓN INDUSTRIAL;2820975;1;SI;1;0;0;0;0;0;0;0
19;REGIONAL CAUCA;9221;CENTRO DE TELEINFORMÁTICA Y PRODUCCIÓN INDUSTRIAL;2821568;26;SI;26;0;0;0;0;0;0;0
19;REGIONAL CAUCA;9221;CENTRO DE TELEINFORMÁTICA Y PRODUCCIÓN INDUSTRIAL;2821585;18;SI;18;0;0;0;0;0;0;0
19;REGIONAL CAUCA;9221;CENTRO DE TELEINFORMÁTICA Y PRODUCCIÓN INDUSTRIAL;2821587;7;SI;7;0;0;0;0;0;0;0
19;REGIONAL CAUCA;9221;CENTRO DE TELEINFORMÁTICA Y PRODUCCIÓN INDUSTRIAL;2821588;24;SI;24;0;0;0;0;0;0;0
19;REGIONAL CAUCA;9221;CENTRO DE TELEINFORMÁTICA Y PRODUCCIÓN INDUSTRIAL;2821592;17;SI;17;0;0;0;0;0;0;0
19;REGIONAL CAUCA;9221;CENTRO DE TELEINFORMÁTICA Y PRODUCCIÓN INDUSTRIAL;2821684;2;SI;2;0;0;0;0;0;0;0
19;REGIONAL CAUCA;9221;CENTRO DE TELEINFORMÁTICA Y PRODUCCIÓN INDUSTRIAL;2821826;13;SI;13;0;0;0;0;0;0;0
19;REGIONAL CAUCA;9221;CENTRO DE TELEINFORMÁTICA Y PRODUCCIÓN INDUSTRIAL;2823006;2;SI;2;0;0;0;0;0;0;0
19;REGIONAL CAUCA;9221;CENTRO DE TELEINFORMÁTICA Y PRODUCCIÓN INDUSTRIAL;2823028;1;SI;1;0;0;0;0;0;0;0
19;REGIONAL CAUCA;9221;CENTRO DE TELEINFORMÁTICA Y PRODUCCIÓN INDUSTRIAL;2823064;19;SI;19;0;0;0;0;0;0;0
19;REGIONAL CAUCA;9221;CENTRO DE TELEINFORMÁTICA Y PRODUCCIÓN INDUSTRIAL;2824803;16;SI;16;0;0;0;0;0;0;0
19;REGIONAL CAUCA;9221;CENTRO DE TELEINFORMÁTICA Y PRODUCCIÓN INDUSTRIAL;2824806;23;SI;23;0;0;0;0;0;0;0
19;REGIONAL CAUCA;9221;CENTRO DE TELEINFORMÁTICA Y PRODUCCIÓN INDUSTRIAL;2832919;1;SI;1;0;0;0;0;0;0;0
19;REGIONAL CAUCA;9221;CENTRO DE TELEINFORMÁTICA Y PRODUCCIÓN INDUSTRIAL;2847905;11;SI;11;0;0;0;0;0;0;0
19;REGIONAL CAUCA;9221;CENTRO DE TELEINFORMÁTICA Y PRODUCCIÓN INDUSTRIAL;2873965;21;SI;21;0;0;0;0;0;0;0
19;REGIONAL CAUCA;9221;CENTRO DE TELEINFORMÁTICA Y PRODUCCIÓN INDUSTRIAL;2874010;1;SI;1;0;0;0;0;0;0;0
19;REGIONAL CAUCA;9221;CENTRO DE TELEINFORMÁTICA Y PRODUCCIÓN INDUSTRIAL;2874053;4;SI;4;0;0;0;0;0;0;0
19;REGIONAL CAUCA;9221;CENTRO DE TELEINFORMÁTICA Y PRODUCCIÓN INDUSTRIAL;2874176;2;SI;2;0;0;0;0;0;0;0
19;REGIONAL CAUCA;9221;CENTRO DE TELEINFORMÁTICA Y PRODUCCIÓN INDUSTRIAL;2874180;1;SI;1;0;0;0;0;0;0;0
19;REGIONAL CAUCA;9221;CENTRO DE TELEINFORMÁTICA Y PRODUCCIÓN INDUSTRIAL;2874186;17;SI;17;0;0;0;0;0;0;0
19;REGIONAL CAUCA;9221;CENTRO DE TELEINFORMÁTICA Y PRODUCCIÓN INDUSTRIAL;2874211;2;SI;2;0;0;0;0;0;0;0
19;REGIONAL CAUCA;9221;CENTRO DE TELEINFORMÁTICA Y PRODUCCIÓN INDUSTRIAL;2874241;3;SI;3;0;0;0;0;0;0;0
19;REGIONAL CAUCA;9221;CENTRO DE TELEINFORMÁTICA Y PRODUCCIÓN INDUSTRIAL;2879658;1;SI;1;0;0;0;0;0;0;0
19;REGIONAL CAUCA;9221;CENTRO DE TELEINFORMÁTICA Y PRODUCCIÓN INDUSTRIAL;2892279;23;SI;23;0;0;0;0;0;0;0
19;REGIONAL CAUCA;9221;CENTRO DE TELEINFORMÁTICA Y PRODUCCIÓN INDUSTRIAL;2972787;29;NO;29;0;0;0;0;0;0;0
